{"json_request": [{"CRIM":0.10574,"ZN":0.0,"INDUS":27.74,"CHAS":0.0,"NOX":0.609,"RM":5.983,"AGE":98.8,"DIS":1.8681,"RAD":4.0,"TAX":711.0,"PTRATIO":20.1,"B":390.11,"LSTAT":18.07},{"CRIM":0.37578,"ZN":0.0,"INDUS": 10.59,"CHAS":1.0,"NOX":0.489,"RM":5.404,"AGE":88.6,"DIS":3.665,"RAD":4.0,"TAX":277.0,"PTRATIO":18.6,"B":395.24,"LSTAT":23.98}]}




